Time,fs-00070,fs-00071,fs-00077,fs-00083,fs-00101,fs-00073,fs-00100,fs-00096,fs-00049,fs-00048,fs-00047,fs-00032,fs-00031
2023/09/29 00:00:00.000000,0,0.00166704151630828,0,0,0.00161551783036805,0.00218389751047878,0,0.00191386963885668,0.00536796974073131,0.00140846178650308,0,0.332211870346576,0.00292340141570151
2023/09/29 00:05:00.000000,0,0.00119089707171317,0,0,0.00284250489247154,0.00240671431673213,0,0.00176967841544386,0.00440608073362915,0.000956242782184098,0,0.333370619857912,0.00301580918074359
2023/09/29 00:10:00.000000,0,0.00102055448622207,0,0,0.00242336443491209,0.00250031617787238,0,0.00167096590500223,0.00541114192190345,0.00052326147129117,0,0.334520124216653,0.00337619629285316
2023/09/29 00:15:00.000000,0,0.00162342361379735,0.000120592423055958,0,0.00117768711939847,0.00300658336607466,0,0.00147491247330914,0.00620648722778199,0.000427356032218953,0,0.340833036251902,0.00356293411536417
2023/09/29 00:20:00.000000,0,0.00155537076900296,0.00027602101610887,0,0.000928228141972444,0.00377373026865075,0,0.00132329023565342,0.00639672977633079,0.00107597247079665,0,0.354836350890497,0.00329684400219346
2023/09/29 00:25:00.000000,0,0.00145645120720594,0.000941479877815856,0,0.000848944876278982,0.00396523960886392,0,0.00129408006150959,0.00760468592202396,0.00132758202430125,0,0.358260014690027,0.00246649880401142
2023/09/29 00:30:00.000000,0,0.00204982911375023,0.00237911042382673,0,0.00116777293326903,0.00408055047205449,0,0.0012960068056035,0.00809583407102668,0.00212020673882369,0,0.361683678489557,0.00208192173100349
2023/09/29 00:35:00.000000,0,0.00350309817506227,0.00287620055801286,0,0.00125425690303669,0.00481016211816502,0,0.00142597064233653,0.00910185132051274,0.00312018109530077,0,0.364797077661444,0.00232364487451847
2023/09/29 00:40:00.000000,0,0.00404697424867463,0.00259575007516245,0.00152406635051107,0.0011366180238797,0.00508352586872731,0,0.00156119494955511,0.0104581475471045,0.00333707865586515,0.000133498534521819,0.367528655088706,0.00101668810286421
2023/09/29 00:45:00.000000,0,0.00438109905592583,0.00225221002436343,0.00144188770018728,0.00104399254583232,0.00555517116844374,0,0.00167958400803228,0.00966815501279888,0.00399957811525163,4.77593883254515e-05,0.370260232515967,0.00135638020983342
2023/09/29 00:50:00.000000,0,0.0040668916415164,0.00241210808189605,0.00164259285341808,0.00097117916009772,0.00589236457745741,0,0.00178791794601415,0.00916426606480473,0.00453822610032508,0,0.374565562104259,0.00196254541288061
2023/09/29 00:55:00.000000,0,0.00359007419641384,0.00233210892960689,0,0.00102205196544401,0.00602936492041143,0,0.00190483978556958,0.00950408858815046,0.0053191805649821,0,0.375771086604794,0.00203267392069208
2023/09/29 01:00:00.000000,0,0.00353712071495671,0.00247872974644517,0.00165384714252477,0.00145727143932596,0.00612272775073448,0,0.00196821176191121,0.00954054897249375,0.00588558691602544,0,0.37653622922612,0.00345155710289082
2023/09/29 01:05:00.000000,0,0.00340375667578701,0.00170490440051969,0.002569826233548,0.00176105405004533,0.00622255494252059,0,0.00215912556962418,0.00994753137700739,0.0061968353134484,0,0.377301371847446,0.00414254488491093
2023/09/29 01:10:00.000000,0,0.00456246209065755,0.0014181087013854,0.000986336014840894,0.00178579053318075,0.00633354304266929,0,0.00222416977888004,0.00962302144671423,0.00648186065653408,0,0.378216031937145,0.00388237501324015
2023/09/29 01:15:00.000000,0,0.00422738753583184,0.00068682784638372,0.000649657997989086,0.00235935047463921,0.00654947165575824,0,0.00244629399723203,0.0103991183279988,0.00670321393702147,0,0.37660244345927,0.00338907385842649
2023/09/29 01:20:00.000000,0,0.00437212280217478,0.00112027702406175,0.00291660930799806,0.00266858616443711,0.00744733121869876,0,0.00257416540864893,0.00910376003509498,0.0068811249994025,0.000107552761226648,0.375370234806471,0.00436182456288406
2023/09/29 01:25:00.000000,0,0.00461297096252447,0.000368764342671123,0.00652747833873192,0.0026550851962297,0.00787406597209269,0,0.00264102328478682,0.00986377591133992,0.00671516080992814,0.000730035232660325,0.368267225692903,0.00401067298116199
2023/09/29 01:30:00.000000,0,0.00492396441712708,0.000595062239272607,0.00916995132079334,0.00323306496260646,0.00835162195085934,0,0.00272004774721736,0.0114800064124494,0.00682438291051258,0.00168738526518639,0.365505593213409,0.00405822933223261
2023/09/29 01:35:00.000000,0,0.00493849624773505,0.00111790330805644,0.0082990099011331,0.00374685594001053,0.00872287257050453,0,0.00286669123320219,0.0115856062039455,0.00720982093554867,0.00265695209927448,0.370660219703844,0.00528531182448186
2023/09/29 01:40:00.000000,0,0.00569860656221584,0.00182765226029079,0.00481184925864563,0.0039737697456288,0.00861403691073618,0,0.00290950425680348,0.0121345526046301,0.00757033246849761,0.00304183378822698,0.374884507349533,0.00602375372660996
2023/09/29 01:45:00.000000,0,0.00620346782409725,0.00261757284054549,0.0020188814586791,0.0047491924022801,0.00833523265832504,0,0.00297656271592438,0.0114050662602113,0.00783723871556747,0.00327177222474423,0.383959551485825,0.00592681191139212
2023/09/29 01:50:00.000000,0,0.00617285493879757,0.00385688708161026,0.000809458485238153,0.00517178837663568,0.00806411487458326,0,0.00308605775839246,0.0109516920933768,0.00768131978007204,0.00346431085271352,0.403952987179197,0.00573390603883454
2023/09/29 01:55:00.000000,0,0.00595969781381884,0.00427690338009277,0,0.00538972292295569,0.00782977209838159,0,0.00315856818749958,0.0099908046573138,0.00706735855687332,0.00371073184447864,0.413320225068635,0.00576196317157087
2023/09/29 02:00:00.000000,0,0.00574138762156137,0.00368887832624964,0,0.0053040929365406,0.00779068209419055,0,0.00319771926598532,0.00878208132524402,0.00679668297480747,0.00401768399204203,0.422674532823681,0.00633086931221533
2023/09/29 02:05:00.000000,0,0.00563847960217141,0.00357143221352369,0,0.0052556581132589,0.00826189056626911,0,0.00334442781066073,0.00950100487836986,0.00704612489648203,0.0042154522025017,0.432018334385571,0.00673868027120691
2023/09/29 02:10:00.000000,0,0.00617424509918744,0.00334248796416205,0,0.00450472065131535,0.0085444326353206,0,0.00347467025420436,0.0102803239922794,0.00622806032304047,0.00461446050843064,0.451909427181775,0.00726197583215436
2023/09/29 02:15:00.000000,0,0.00566430764368982,0.00335702628796273,0,0.00378621439708319,0.00903482501600258,0.00580972503570432,0.0035168582230152,0.0104556892577477,0.00582711982793377,0.00489916045578569,0.470316846424673,0.00601175549763241
2023/09/29 02:20:00.000000,0,0.00492917030795551,0.00261168864071813,0,0.00401310868779591,0.00897146950530034,0.0156595098129721,0.00353368142332809,0.00979785417478898,0.00542568649998651,0.00507295337335202,0.486246099548532,0.00487333701689844
2023/09/29 02:25:00.000000,0,0.00448190227806984,0.00200306036480411,0,0.00400183954361584,0.00901197499330867,0.025526909277739,0.00353039855898056,0.00985278062184991,0.00563079451191752,0.00523836161201728,0.500526014402064,0.00540681325026794
2023/09/29 02:30:00.000000,0,0.00495658718794169,0.00180952536608859,0,0.00382837621693257,0.00934087923497279,0.0359010018473978,0.00351636158301325,0.0103535729266343,0.00649697793070109,0.00543321171015688,0.53669144678429,0.00559962018385741
2023/09/29 02:35:00.000000,0,0.00441794205833992,0.00230686399099144,0,0.00406564858177685,0.00951369174038328,0.0469027383946392,0.00350608216003017,0.0109071486784081,0.00712483647159082,0.00649748780720273,0.545675279756912,0.00527692266291561
2023/09/29 02:40:00.000000,0,0.00484915380619308,0.0033016177695835,0,0.00432847587559382,0.00960958576831136,0.0592786298890808,0.00357974662968261,0.0109508366678604,0.00735650588637783,0.00660047014494471,0.547550199191958,0.00521393856198844
2023/09/29 02:45:00.000000,0,0.00552046990401083,0.00338289596533823,0,0.00452115022641914,0.00968495761784889,0.0737077906924703,0.00359746286569759,0.0104075644263892,0.00763820165717367,0.00679815639252318,0.549425118627004,0.00543146619563806
2023/09/29 02:50:00.000000,0,0.00515402872948051,0.00317515207058441,0,0.00466278989032929,0.00950208944540391,0.0900031372161466,0.00356881626955871,0.00951558301836734,0.00785085591734069,0.00658501128857129,0.55130003806205,0.00564047524320517
2023/09/29 02:55:00.000000,0,0.00391952202713359,0.00317357540825085,0,0.0043844673698978,0.00939953493372968,0.1075241602989,0.00351877040029637,0.00942154070360666,0.0071678168382011,0.00552326323174283,0.553174957497096,0.00579609177331214
2023/09/29 03:00:00.000000,0,0.00365513014656997,0.00218012985388721,0,0.0042833290176127,0.00926949041210286,0.125810175082204,0.00347072216113108,0.00848975932913807,0.00580406621853301,0.00483662315356914,0.559400982181195,0.00596990771976388
2023/09/29 03:05:00.000000,0,0.00143589617627421,0.000798711793224449,0,0.00536576938450694,0.00901732226184919,0.144975011675364,0.00334276084905946,0.00765457198988299,0.00515866342300533,0.00385224536034714,0.56013954806399,0.00609344327235572
2023/09/29 03:10:00.000000,0,3.33927631079894e-05,0.000324033629859666,0.000292411096097325,0.00556761963422769,0.00876515411159551,0.164520779832002,0.00336092005028455,0.0070649972097535,0.00421304606133527,0.00297531854732709,0.560878113946784,0.00563287234894913
2023/09/29 03:15:00.000000,0,0,0.000456528978376349,0.00012785561011411,0.00553958258503978,0.00678260867579544,0.184409525717662,0.00336617656497257,0.00708935372982007,0.00381838500734941,0.00273105744789963,0.561616679829578,0.00542709823818632
2023/09/29 03:20:00.000000,0.00204533016852248,0.000942216248258485,8.74708906891603e-05,8.36578748986452e-05,0.00500440085941777,0.0063875750060078,0.200468179854076,0.00332573801559173,0.00672321974344506,0.00390857711113157,0.0029550316448012,0.562355245712372,0.00452570807153612
2023/09/29 03:25:00.000000,0.00764938365316192,0.0014491789565572,1.76225612118048e-05,0.000892939659945975,0.00457160941456309,0.00634241556976139,0.214514852124598,0.00330223158062777,0.00795275431575034,0.00358052863677102,0.00298603695263181,0.564405648954512,0.00400970948931504
2023/09/29 03:30:00.000000,0.0132038661168316,0.00173761512923136,0.000459875388158036,0.00132896403445137,0.0038850867739408,0.00640733930249339,0.231833253056532,0.00330341472319136,0.00918896749937154,0.0032034383544383,0.00283067792302356,0.566051894733958,0.00415108299343786
2023/09/29 03:35:00.000000,0.020948834315242,0.00135187384794077,0.00159551310896029,0.000786959953638899,0.00359231832963221,0.00656455652904979,0.245586816372372,0.00331002220518946,0.00989816556570343,0.0026963672329768,0.00328967365529858,0.567698140513405,0.00477455547529973
2023/09/29 03:40:00.000000,0.0240782827759277,0.00127668808203102,0.00172575667138455,2.86173917292468e-05,0.0040377313055706,0.00670732741602677,0.257147469276673,0.00329689918299029,0.00961491177060445,0.00256553082948885,0.00338252090626413,0.569344386292852,0.00517195908737729
2023/09/29 03:45:00.000000,0.0245578771423592,0.00154532361044429,0.00140484598565118,0,0.00445684863567242,0.00673794293498143,0.26803471906582,0.00328033759612435,0.0101574051375627,0.00351517375116775,0.0035554944485108,0.570534108139365,0.00452919518224382
2023/09/29 03:50:00.000000,0.022991702682051,0.00110398649590737,0.00160874135567527,3.86925936094805e-05,0.00486847392363058,0.00678928256827743,0.276683266111258,0.0032597387590937,0.0107867948870587,0.00420971789687638,0.00365850527229846,0.571719597167186,0.00484506063143554
2023/09/29 03:55:00.000000,0.0246725927515628,0.00184472150192732,0.00226823115777316,0.000993100369735573,0.00519273862945306,0.00687636413024316,0.283563540716557,0.00323435535767773,0.0115643068431241,0.00514102015575695,0.00355378322551463,0.572884550746518,0.00520021323789893
2023/09/29 04:00:00.000000,0.0300507886133744,0.00276246029512142,0.00351719729056617,0.00111319553807221,0.00546741878865144,0.00703798698911254,0.289805549979048,0.00326561628234381,0.0113468456684307,0.00534074303449167,0.00348748362951,0.573649173908306,0.00598303242292344
2023/09/29 04:05:00.000000,0.0347685578704094,0.00337068303816194,0.0044495905441603,0,0.00515412140881418,0.00694251334195471,0.294205531488184,0.00332262663604045,0.011350398637862,0.0058896061519949,0.00373257774969166,0.574053063523775,0.00691687998880434
2023/09/29 04:10:00.000000,0.0423837888876531,0.00392461728190022,0.00521745136561806,0,0.00585174705652731,0.00753402834134637,0.297350499282297,0.00340070719877239,0.0125160879546937,0.00649733885314234,0.003934321065016,0.573843854133051,0.00594583767584358
2023/09/29 04:15:00.000000,0.0495927714505316,0.00447942088246166,0.00507555321749606,0,0.00692769489964101,0.00833264347197768,0.300303287383615,0.00350577282390037,0.0128035093848059,0.00665314721159404,0.00466938479327716,0.573634644742327,0.00553363131961504
2023/09/29 04:20:00.000000,0.058015673300296,0.00598462330652067,0.00426984703036566,0,0,0.00884522814102975,0.304023397982102,0.00368063117726492,0.0114018168743508,0.00639697080370285,0.00499485829512517,0.573425435351602,0.0046057370746779
2023/09/29 04:25:00.000000,0.077941548364563,0.0054606129962705,0.00393441814246506,0,0,0.00896424155251871,0.307536545793621,0.00384522559601241,0.0101584680128849,0.00596210001583951,0.00530062117715286,0.573884029423985,0.00564025491978448
2023/09/29 04:30:00.000000,0.105050882930172,0.004063337385845,0.00325972267261122,0,0,0.00905515586105123,0.315645187737647,0.00401069831577161,0.00988924870776223,0.00612290135076927,0.00487077416912396,0.574814021100763,0.00518083579199984
2023/09/29 04:35:00.000000,0.132633245913822,0.0030869083314396,0.00258651227765288,0,0,0.00856502877557934,0.331406948144541,0.00404304645455412,0.00925796525281917,0.0059922761207033,0.00433379723822811,0.575744012777541,0.00438734119519947
2023/09/29 04:40:00.000000,0.155548410622379,0.00242338616696566,0.00215382603449627,0,0.000912445608222797,0.00857520941215626,0.351932509398576,0.00407034051057454,0.00783725265507535,0.00573979653767444,0.00390499231649741,0.576674004454319,0.0033042937140631
2023/09/29 04:45:00.000000,0.174537537189211,0.00276207302413355,0.00183665509795944,0.000666861698232285,0.00309999296641424,0.00839675960387913,0.37611210386863,0.00402549696111663,0.0075885010552253,0.00594266962740623,0.00320919026706733,0.578896167948357,0.00250299418364034
2023/09/29 04:50:00.000000,0.188921930912615,0.00237140257695126,0.0011039309267936,0.00171357393096837,0.00471817754357561,0.00833545038538188,0.402861026236595,0.00395748135550415,0.00745097534103742,0.00561608234208713,0.00313008107124949,0.578924853041192,0.0032046986311941
2023/09/29 04:55:00.000000,0.19654124320774,0.0015738656288877,9.92377665262053e-05,0.00163679931022184,0.00559460001244861,0.0082272549994083,0.430837285775844,0.00385208524834594,0.00802719281359644,0.00556347542430428,0.00330758399674396,0.578070219797136,0.00356067799479062
2023/09/29 05:00:00.000000,0.205751592319928,0.00284773890360838,0,0.00103168033311504,0.0054134071903966,0.00818599905133085,0.458526607185217,0.00371950417288588,0.00795940362602989,0.00530809675781832,0.00348268918745004,0.576967293952837,0.003187642876329
2023/09/29 05:05:00.000000,0.212450256413472,0.00379153697907128,0,0,0.00532722613940421,0.00812878666656641,0.47885889126073,0.00352452913332949,0.00726178764570211,0.00555479484006137,0.00374722189544734,0.571907982620365,0.00397441077744343
2023/09/29 05:10:00.000000,0.219232327478604,0.00404651232315773,6.36672354937078e-05,0,0.00585214648518441,0.00800752899918961,0.501921597295212,0.00345616143814365,0.00767838911493182,0.00528092838857562,0.00389385541392111,0.570591620326386,0.00322044608416605
2023/09/29 05:15:00.000000,0.225540115045204,0.00452982491444153,0.000437999579494964,0,0.00586776735908666,0.00797797715468361,0.52172851697061,0.00338493544320954,0.00763901353611137,0.00458888186598579,0.00369937838511999,0.569275258032406,0.00249344026976388
2023/09/29 05:20:00.000000,0.228038995195927,0.00542121184494608,0.000884648353984936,0,0.00783649868721741,0.00787981885070073,0.538043508812083,0.00334842563260179,0.00804411712396922,0.00421205671684333,0.00411513327049392,0.567958895738426,0.0025595609079687
2023/09/29 05:25:00.000000,0.231968034821589,0.00608493111225678,0.000995028711040519,0,0.00819363734966762,0.00783104464615326,0.548747558425945,0.00335139703935427,0.00789734514042124,0.00587795449672906,0.00403519016523248,0.566642533444447,0.00369546615525687
2023/09/29 05:30:00.000000,0.235894553058382,0.00518630714064317,0.000940557724905691,0,0.00677533050168869,0.0078117677230409,0.559719094269053,0.00336476198999824,0.00756951264971166,0.00608541514966205,0.00340142248306501,0.5589977771631,0.00382420793666432
2023/09/29 05:35:00.000000,0.240346837407408,0.0051818686900271,0.00149603206652319,0,0.00762735891977986,0.00780263031364499,0.566633047939958,0.00342563227140453,0.00784547827839691,0.00500653566847634,0.00278003017500258,0.557183531990054,0.00263307350325982
2023/09/29 05:40:00.000000,0.24304259033978,0.00569654212508657,0.00209856357632553,0,0.00894697281135882,0.00778766366855159,0.573036123058862,0.00344543124782906,0.00831640414801624,0.00589909557349094,0.00174617980440292,0.555369286817008,0.00212061494243637
2023/09/29 05:45:00.000000,0.246590106632041,0.0057139934397329,0.00223105391062102,0,0.00753485420841808,0.00769918766618099,0.57671019075758,0.00346532441954941,0.00904026595005062,0.00671852703102288,0.00120457953548162,0.553555041643962,0.000789572075265122
2023/09/29 05:50:00.000000,0.248692558668761,0.00525242387795695,0.00159284782294175,0,0.00678649443868852,0.00755019251179772,0.577340765870386,0.00348231416497633,0.0102887657936472,0.00788133479023908,0.000395269716582216,0.551740796470916,0
2023/09/29 05:55:00.000000,0.248132159817354,0.00487762602644165,0.00152563265527517,0,0.00740968226256016,0.00741278497794755,0.575181338666613,0.00350251565667627,0.0101874748669103,0.00898162667333468,0,0.549640913290573,0
2023/09/29 06:00:00.000000,0.250111607040166,0.00511231624236027,0.00130885802870406,0,0.00913870078278309,0.00754072497201205,0.571499968109337,0.0035186473819253,0.00951063689814622,0.00929427201074144,0,0.546859300004487,0.000591550864505299
2023/09/29 06:05:00.000000,0.253757593472814,0.00605866289080053,0.0015555694742432,0,0.0113458201805786,0.00766534475783058,0.564713277424555,0.00342612375199854,0.00870729055703051,0.00887216237975195,0,0.544077686718402,0.00215977979855561
2023/09/29 06:10:00.000000,0.255138606903282,0.00748775895668862,0.00244817487959685,0,0.0112783193665627,0.00771239241095022,0.555895687732009,0.003363174584026,0.00941338010321093,0.00884209253221873,0,0.541296073432316,0.00185558496928016
2023/09/29 06:15:00.000000,0.256700359213671,0.00680361126740695,0.00400760197917328,0,0.0102226632389706,0.00775944006406987,0.545436497621673,0.00329557573889475,0.00942837635620491,0.00902712162671406,1.48852009924864e-05,0.527954114912618,0.00123611100931013
2023/09/29 06:20:00.000000,0.257112195250561,0.00652685023578816,0.00395286439010442,0,0.00906135106323509,0.00780559107362061,0.53457487525881,0.00326450257984477,0.00975479700814269,0.00837641655674331,9.31496571388379e-05,0.510511446305177,0.00122439448360996
2023/09/29 06:25:00.000000,0.254033393794495,0.006303170628305,0.00424217369975678,0,0.00822688708194034,0.00785022690338468,0.524287457172006,0.00330620528441563,0.00954742935792913,0.00838664395279693,0.000100638838148339,0.492404256649019,0.00144887997684675
2023/09/29 06:30:00.000000,0.251659540889552,0.0055873472767804,0.00441840608754374,0,0.0088947521357329,0.0078785993706225,0.51467494885094,0.0033763631041153,0.00980621638789033,0.00930045346519842,0.000278614703182397,0.456143780545349,0.00264331940225603
2023/09/29 06:35:00.000000,0.248665853349891,0.00502996218068709,0.00449160312241787,0,0.00963971435406199,0.00763269171913771,0.510973129100257,0.00341663454917538,0.010695495697281,0.00853304600690833,0.000867251605429372,0.422766712647577,0.00314668739486683
2023/09/29 06:40:00.000000,0.245172738392417,0.0044513415348904,0.00417303469883951,0,0.0105402249836887,0.00732886424025349,0.502322305917844,0.00347699580550537,0.0101352752877183,0.00837403896084859,0.000926857534843497,0.417017489212329,0.00266067873419402
2023/09/29 06:45:00.000000,0.244283848903165,0.00488526059909564,0.00380986002211423,0,0.0107854201980824,0.00667530793596773,0.494980984392227,0.00352816197759096,0.00936468809986029,0.00925600942074384,0.0013532417021715,0.411268265777081,0.00267589909260325
2023/09/29 06:50:00.000000,0.241300363551439,0.0062442935940389,0.00396390702753257,0,0.0115693423280069,0.00634443139211636,0.489352775665999,0.00364020011694825,0.00805974484440345,0.00844625457820957,0.00173964054020718,0.404009282916102,0.00346510116379827
2023/09/29 06:55:00.000000,0.2399770167058,0.00616326739711728,0.00476334197826174,0,0.0116548776904534,0.00659364807546616,0.486159476632576,0.00380492684442079,0.00758556291595543,0.00794281967439721,0.00194134667624898,0.396484422020618,0.00388089230452167
2023/09/29 07:00:00.000000,0.239018367786839,0.00527997592628777,0.00473680203879367,0,0.0103334886522737,0.00686122866403208,0.484589294149699,0.00390335490899333,0.00637192910135643,0.00717137055875414,0.00194898790881056,0.381571565855979,0.00330112094491567
2023/09/29 07:05:00.000000,0.241200912889642,0.00427298384290117,0.00452072704163078,0,0.00658271813996789,0.00725211254651793,0.484925899849162,0.00407585920147025,0.00612173847395218,0.0064602909640266,0.00223877867289136,0.36862186787574,0.00242627644331691
2023/09/29 07:10:00.000000,0.238480899498231,0.0049236937807664,0.00446636620513654,0,0.00575659855328708,0.00733438468833802,0.486518339815204,0.00421324764397007,0.00754852722779144,0.00520290628483272,0.00238968994666055,0.359094449489281,0.00275343866077585
2023/09/29 07:15:00.000000,0.237708529728007,0.00483700070440825,0.00391242146472963,0,0.00581491063370732,0.00769673497364461,0.490025085248303,0.00419711332917027,0.00884840486277772,0.00557159782144991,0.00239507739287703,0.355224738189024,0.00335740712824307
2023/09/29 07:20:00.000000,0.242105796209588,0.00455339529350739,0.00423841595810476,0,0.0065015083135491,0.00841583038900457,0.497209331726284,0.00411394251803249,0.00885064911297952,0.00615078604335671,0.00212646409194991,0.352665397040236,0.00314800219835205
2023/09/29 07:25:00.000000,0.253856368031659,0.00487181304253073,0.00993902325800147,0.0177692973816387,0.00883827444664485,0.00862892540755548,0.50899643631221,0.00377473122667401,0.00966467564732824,0.00657793803331043,0.00177866140100294,0.350106055891447,0.00141745566147592
2023/09/29 07:30:00.000000,0.263678274327179,0.00569616613819725,0.0377223049550754,0.0630059825417863,0.0186610690118094,0.00848890291783527,0.527725768765838,0.0033402345305602,0.00974677154982491,0.00733911567338074,0.00147691313715696,0.347546714742659,0.000769421999889504
2023/09/29 07:35:00.000000,0.275729934563984,0.00537399987066175,0.069645183485755,0.125234135942655,0.0507624487607407,0.00834314536692298,0.553392022029528,0.00243973751647929,0.00756074806883645,0.00816376913040298,0.00174220745420055,0.344987373593871,0.000585971048045411
2023/09/29 07:40:00.000000,0.293677797738255,0.00431673031720456,0.105033142392603,0.203573500125767,0.0901468784427427,0.008298987030067,0.592429008352325,0.00210824170540454,0.00751045783050403,0.00842895541003014,0.00171488858483296,0.342428032445082,0.000490872628963657
2023/09/29 07:45:00.000000,0.307042113649442,0.00627415983098691,0.125624440949197,0.252515922523518,0.166059930447117,0.0083144340781266,0.644315971186304,0.0012950893257006,0.00731990662700363,0.00943651048477697,0.00210326178802733,0.339868691296294,0.00125807311733493
2023/09/29 07:50:00.000000,0.312666705715454,0.00971235058034906,0.142499574691808,0.300065989181257,0.242826324177092,0.00838236439786195,0.693560624782908,0.0010159238008677,0.00775850420368221,0.0101034290450368,0.0022461545334491,0.3330499307412,0.000869550221992785
2023/09/29 07:55:00.000000,0.313900822423821,0.0169653052221384,0.154839462865693,0.333277192287962,0.28889007725631,0.00855389626392432,0.765066182959382,0.000656542741065247,0.00767531638226167,0.00954817587198675,0.00231174623723878,0.324267826065835,0.000692697764612081
2023/09/29 08:00:00.000000,0.312471167988558,0.0194586755404466,0.162740809361615,0.367189148856988,0.345123426917498,0.00873940345926355,0.843428706716801,0.000353007172589688,0.00755620426902865,0.00853897450118036,0.00216119461542756,0.311998331355957,0.000658918153615355
2023/09/29 08:05:00.000000,0.311837594044263,0.0245886013625009,0.1544708958661,0.406282326631138,0.40124088742594,0.00889253795140728,0.9078691962101,0,0.00794844434591972,0.00861380375214582,0.00201172701710586,0.278197990361868,0.000359467984451404
2023/09/29 08:10:00.000000,0.311703051114993,0.0178144169075026,0.162328976247408,0.434688984847307,0.427262378823934,0.0088707776221378,0.971809427633149,0,0.00657577477678661,0.00877536849555977,0.00187590329433547,0.256178855547037,0.000689266677649919
2023/09/29 08:15:00.000000,0.312788281878235,0.0143547756801522,0.174082976040984,0.455585981126921,0.442535464872564,0.00862509819822193,1.04799962355308,0,0.00651425501344292,0.00794106294478717,0.00154316790845051,0.23617089840475,0.00250041993066847
2023/09/29 08:20:00.000000,0.310920301165333,0.0108231612331488,0.17866953045415,0.468863662121435,0.453113935335837,0.00837795099681149,1.11682142627895,0,0.00737986471136966,0.0060735092974373,0.00144981302376272,0.185548382596547,0.00285028091175258
2023/09/29 08:25:00.000000,0.293786657096875,0.00782258870831661,0.170439582167319,0.475229232658216,0.457297709883655,0.00786999239733501,1.16389779945161,5.7146944004931e-05,0.00756873832223557,0.00596047940330924,0.0013365187771561,0.169194390659106,0.00295108202627827
2023/09/29 08:30:00.000000,0.279281363173367,0.011290146264627,0.166308405944749,0.476368185221211,0.453858334246492,0.00677077582991455,1.21311689431274,0.000219614822240705,0.00606416285543799,0.00570304193983285,0.00123734712233124,0.136755448376552,0.00339342184029213
2023/09/29 08:35:00.000000,0.26716680562954,0.00972556779362476,0.167982888907743,0.479263778858905,0.448343423684904,0.00704149633119191,1.25037571667339,0.000428537036490746,0.00613425684673453,0.00601721321369737,0.00152798803757384,0.13148446852039,0.002695853073471
2023/09/29 08:40:00.000000,0.260403216767939,0.00657851759487554,0.172281362683485,0.4826927398231,0.442215348506789,0.00720578875167508,1.27611526794402,0.00068611052290897,0.00600281445507188,0.00546426888096686,0.00231074919936241,0.126213488664228,0.00209812006556336
2023/09/29 08:45:00.000000,0.258465124736114,0.00262303405346565,0.161738309622293,0.481763155610649,0.435318104375104,0.00717353249319637,1.29183475379272,0.000759540346571668,0.00538707673392996,0.00472943782857684,0.00338798284024901,0.120942508808067,0.00193739329871467
2023/09/29 08:50:00.000000,0.257321664492551,0.00254194856352508,0.163406353787518,0.483308640192429,0.430523528488133,0.00776122356680218,1.29895672500065,0.000723849570416633,0.00399848023301366,0.0040266308162605,0.00407347336170314,0.114828356704321,0.00135927856859341
2023/09/29 08:55:00.000000,0.261966551631818,0.00618508497868967,0.173737096743434,0.490128168160584,0.430612476095771,0.00953493750519383,1.29977837833126,0.0006240148485304,0.00329964656909415,0.00339373098651223,0.00434864225252614,0.108386537365855,0.00102140727348354
2023/09/29 09:00:00.000000,0.27586236549628,0.0178644450749866,0.203793494816966,0.504427917146141,0.438288825507907,0.00950910388479446,1.2962243035624,0.000413601968661816,0.00393026301173856,0.00266087444219017,0.00446887177640569,0.10194471802739,0.000882532178815213
2023/09/29 09:05:00.000000,0.289080229060412,0.0305578888811602,0.22991287869237,0.522447079809223,0.443853815490511,0.00948242750711749,1.29100848908102,0.000234658668412227,0.00686834382923221,0.00207820112826105,0.00442004789910638,0.0777093554065461,0.00117822841417924
2023/09/29 09:10:00.000000,0.298734374895389,0.03939600748054,0.234286990366121,0.53635127938626,0.45234646138431,0.00962627655805496,1.28282952271065,0,0.00864664974800748,0.00278787671024298,0.00425022715070377,0.0630637906341821,0.000821639698914079
2023/09/29 09:15:00.000000,0.303602234078987,0.0462888935170428,0.24069617905845,0.547996190937784,0.459075946484678,0.00984988488161022,1.27253082634362,0,0.00837247985075749,0.00524485938709163,0.00407099897697032,0.0409260870403209,0.000883561872455784
2023/09/29 09:20:00.000000,0.30197560333384,0.0419842482564549,0.238538176589793,0.554793753059522,0.455625015860464,0.0133966159082618,1.26060230469201,0,0.00612857572081827,0.00617694956025542,0.00389641937038876,0.0265330020563527,0.0013445183653093
2023/09/29 09:25:00.000000,0.299542863977057,0.0488611936085682,0.2454721803246,0.556499330161966,0.456682375072222,0.0140280675901797,1.24795455398317,0,0.00409250179949823,0.0075935079291843,0.00400178068296945,9.53905016608981e-05,0.00037305501261403
2023/09/29 09:30:00.000000,0.313826883908714,0.078413872648719,0.267484574638224,0.572234102312134,0.471107341791491,0.0169972149328116,1.23434217042714,0,0,0.007761615497116,0.00398773212319853,7.2977460312262e-05,0.00133466361410096
2023/09/29 09:35:00.000000,0.341930315352168,0.109225439683562,0.308357004222583,0.593956727392721,0.49928568373835,0.0245286728090114,1.22102684959103,0,0,0.0076922709782732,0.00389810571930612,5.05644189636258e-05,0.001887568722832
2023/09/29 09:40:00.000000,0.373924340067267,0.147180966433726,0.357458265668512,0.621415645510033,0.519834998822306,0.043378380607022,1.20092224420473,0,0.00479102092251833,0.00808794017971547,0.00347615817256897,2.81513776149897e-05,0.00246823109822367
2023/09/29 09:45:00.000000,0.409417779554988,0.172251738458815,0.396105099795211,0.642853681815943,0.553831172421492,0.0546958722864802,1.17796370728735,0,0.00882307543049113,0.00837867409140463,0.00256167042102815,5.73833626635349e-06,0.00227747784709786
2023/09/29 09:50:00.000000,0.43056214100901,0.189627585646857,0.424128370942192,0.680684864694581,0.577816736848758,0.0674943152548735,1.15363974894637,0,0.00887903771956366,0.00983038762328839,0.00146880471732621,0,0.00149049875055094
2023/09/29 09:55:00.000000,0.444001416225964,0.202333346632209,0.445736936113708,0.715432368823072,0.592112054283032,0.0710496684123123,1.13519517166107,0,0.00833781710204456,0.0118205231693838,0.000802539750959985,0,0.0012566269454858
2023/09/29 10:00:00.000000,0.447030705816598,0.20684792295736,0.455831368039321,0.741210465744775,0.6005283379893,0.0716873760929071,1.11395441080246,0,0.00846930482360109,0.0122707782335783,0.000848817773637731,0,0.00107351557762324
2023/09/29 10:05:00.000000,0.442890281058747,0.20301990052243,0.443371398113905,0.754976115432796,0.606237007598329,0.0677567254378394,1.10183813258082,0,0.007221171607285,0.0105634728028367,0.0016090045906634,0,0.00185361581689373
2023/09/29 10:10:00.000000,0.436612537938653,0.195386044533041,0.431148164295663,0.76583146018047,0.605792670214835,0.0636821939255085,1.08372563273844,0,0.00619428208314357,0.00785008046159819,0.00201717847496508,0,0.00212689214956239
2023/09/29 10:15:00.000000,0.429577646191526,0.191451444772256,0.425140453129884,0.771100574542524,0.602765845697676,0.0585012747410999,1.05869695382031,0,0.00531650524990625,0.00652407256464536,0.00243641520095224,0,0.00325040320001364
2023/09/29 10:20:00.000000,0.418496313803345,0.18501980726312,0.418829830690652,0.775507436321199,0.599562032509633,0.050276133313343,1.03304452485074,0,0.00603142935879535,0.00609964092823924,0.00243994511497153,0,0.0029661692896886
2023/09/29 10:25:00.000000,0.411755338760173,0.182083630696532,0.412936772315328,0.778000473563958,0.588213725406097,0.0475724895738701,1.0173238707385,0,0.00609529482827946,0.00479700310543866,0.0024520484939825,0,0.00282077272816816
2023/09/29 10:30:00.000000,0.405376853144101,0.180953732670265,0.405353578466513,0.775965299520315,0.571469638676271,0.046830378331221,0.991731552307571,0,0.00694900195327321,0.00407389763868221,0.00351842796339523,0,0.00193667927053815
2023/09/29 10:35:00.000000,0.401770212754089,0.178545761049007,0.39741928170607,0.771802603406147,0.557102824363857,0.0448137623889179,0.966854503624503,0,0.00742335726590671,0.0041597422975798,0.00416864917378268,0,0.00180815002703426
2023/09/29 10:40:00.000000,0.397561199398502,0.181982395251275,0.396865984591963,0.770405879185293,0.544542915554825,0.0431202361899509,0.947526447791612,0,0.00820531652654998,0.004262728729793,0.00402993090694767,0,0.000313994222016059
2023/09/29 10:45:00.000000,0.391006929889024,0.179682585792468,0.394091011501381,0.762774277047546,0.539236493775113,0.041969962764002,0.925799941955463,0,0.00843361184019252,0.00279475807181128,0.00394498874353333,0,0.000562612007223895
2023/09/29 10:50:00.000000,0.384308222135978,0.181750298928586,0.390281325103408,0.754033291717794,0.527380554132399,0.0397519366847833,0.904379001616188,0,0.00706379634306866,0.00178382242285332,0.0026988931091693,0,0.00131698934816982
2023/09/29 10:55:00.000000,0.377098835892126,0.175114112536175,0.387890033886911,0.7467431440684,0.510915591818013,0.0382585799990971,0.885489994483018,0,0.00804765199058799,0.00211133239324768,0.00187223479435069,0,0
2023/09/29 11:00:00.000000,0.36461263931566,0.171046422729688,0.380587845325617,0.742013438559625,0.499604611409593,0.0365829172265261,0.861237495278554,0,0.00827105042789671,0.0031920225333409,0.00158198097137706,0,0
2023/09/29 11:05:00.000000,0.352781983475408,0.16637119679428,0.368852479306538,0.738307218869582,0.484549994622664,0.0331040242072617,0.840116154522005,0,0.00877332669680292,0.00395818394310429,0.00156561373418642,0,0
2023/09/29 11:10:00.000000,0.341211743284761,0.164306723670039,0.364980185094151,0.732888378346608,0.46617517140576,0.0294528748813315,0.822557801883218,0,0.008325630367365,0.00419790196102096,0.00151514993355848,0,0
2023/09/29 11:15:00.000000,0.331722072323699,0.161738790737515,0.357739637386718,0.726467565037522,0.450178904933895,0.0272178741762825,0.797541115607931,0,0.00525672571195558,0.00366773083935222,0.00178532404819128,0,0
2023/09/29 11:20:00.000000,0.317286974230252,0.157363175113065,0.346954837421513,0.717491221890208,0.437435491681932,0.0240327332612359,0.772018913404388,1.44570093437442e-05,0.00478921331641636,0.00164362838805323,0.002003965065027,0,0
2023/09/29 11:25:00.000000,0.304224891047517,0.153865682053366,0.342354301465611,0.710819711484654,0.415462132391315,0.0224480444767494,0.751336303806863,0.00046891030560173,0.00612382732351736,0.00186667650172846,0.0018421653217706,0,0
2023/09/29 11:30:00.000000,0.293536923345619,0.150724544450402,0.332693180884403,0.703248575603556,0.399670433390631,0.0193719638287401,0.730895870951678,0.000851213328785586,0.00558469901547111,0.00145258770025393,0.00148910678602543,0,0
2023/09/29 11:35:00.000000,0.280484834009631,0.144636605679492,0.312616226424785,0.690298684628072,0.377106988490004,0.0171333729371694,0.705203157417392,0.00117632795795225,0.00472648845066623,0.000766909560907433,0.00113584991398501,0,0
2023/09/29 11:40:00.000000,0.269749335326892,0.138621450665576,0.296988571432509,0.67994989399251,0.363065994861114,0.0123262107027445,0.683730435077796,0.00146104228089814,0.00424511648225519,0.000709628368767086,0.000235585727019748,0,0
2023/09/29 11:45:00.000000,0.26151411834894,0.13429212833409,0.29747560086436,0.672494341716134,0.348127472399485,0.0115402020579842,0.665595675877898,0.00169274180475708,0.0046328966681921,0,0,0,0
2023/09/29 11:50:00.000000,0.254661977005589,0.131532121787222,0.304080688100936,0.663944334595581,0.324219975353993,0.0107541934132238,0.649083746965239,0.0020152010704914,0.00530910707460219,0,0,0,0
2023/09/29 11:55:00.000000,0.249466052510731,0.128869731439163,0.301990535725694,0.658663952879323,0.303681107449809,0.00777795108109613,0.633906962144161,0.00219598866540058,0.00471303445841893,0,6.92103246366132e-07,0,0
2023/09/29 12:00:00.000000,0.244085696065526,0.127279128953267,0.298317789785509,0.649530879182929,0.274027905909225,0.00660482739106643,0.618285502052677,0.00236562765353017,0.00535400363954675,0,0.000122207473402225,0,0
2023/09/29 12:05:00.000000,0.240979362359448,0.125804853605519,0.290290771922941,0.640931655267922,0.247336281374749,0.00656035234818912,0.605323625525703,0.00254148017055529,0.00544670943553376,0.000689256226050388,0.000408301675916981,0,0
2023/09/29 12:10:00.000000,0.237940953320413,0.122342038807486,0.290018678496621,0.631189770352824,0.217900587073798,0.00703030607073944,0.591773381273487,0.00276374939050585,0.00574174625282934,0.00216974676062817,0.000517890265333025,0,0
2023/09/29 12:15:00.000000,0.230674192313489,0.115819148820205,0.288421041449681,0.620684620612618,0.17864946018563,0.00747872443637478,0.581765365264581,0.0028189001562578,0.00625908246147867,0.00246187880760049,0.000797944739556059,0,0
2023/09/29 12:20:00.000000,0.22806376132526,0.114255775438298,0.286720872320804,0.612801744515791,0.121900117682062,0.00884092688788336,0.571725833205111,0.00290404941122663,0.00434856350362736,0.00250684202513808,0.00207860103056334,0,0
2023/09/29 12:25:00.000000,0.227151449208117,0.111089662999174,0.279570784163266,0.604833339914676,0.0846539377000937,0.00896069598609663,0.557379401139586,0.0029107561632444,0.00155385098468256,0.00219977790470011,0.00249257667776969,0,0
2023/09/29 12:30:00.000000,0.226665658975443,0.106308815602927,0.273923862413668,0.598700636679784,0.0635523354756525,0.00744446392211953,0.54240013676797,0.00281804184257232,0,0.00168464769906157,0.00258388604916996,0,0
2023/09/29 12:35:00.000000,0.223771203029922,0.10418093681501,0.271878368011301,0.593225341830092,0.0357802629617897,0.00634748067174825,0.522584057238108,0.00245656553784418,0,0.000518820934873939,0.00242807371623424,0,0
2023/09/29 12:40:00.000000,0.221273067963825,0.107207892390204,0.269305377159844,0.586970606579586,0.0247072309292043,0.00387881576287399,0.496861079667369,0.00230577280003695,0.00124351027039538,0.000351634751906433,0.00105773885291487,0,0
2023/09/29 12:45:00.000000,0.221720499440995,0.103794255407503,0.267225072670713,0.581666725026458,0.0148552530226744,0.0024412159370459,0.481221127849679,0.00221604569142176,0.00436312409382378,0.000784639552676343,0,0,0
2023/09/29 12:50:00.000000,0.225071993775125,0.0985851761332398,0.26700157117468,0.575641984988975,0.0091927472648828,0.00205503379561811,0.473275852694388,0.00204765695928408,0.00519144467074805,0.000989553269483364,0,0,0
2023/09/29 12:55:00.000000,0.227139477760169,0.0989617385566892,0.267144049583993,0.566955987399584,0.00454769027696643,0.00220258339044808,0.460476506546855,0.00201148795736917,0.00449369781233801,0.00150303450835009,0,0,0
2023/09/29 13:00:00.000000,0.231835848954111,0.105117248317707,0.268455498714343,0.560268770722483,0.00194681921591884,0.00235013298527805,0.45821432822242,0.00196596650693523,0.00631771640692856,0.00243039552457679,0,0,0
2023/09/29 13:05:00.000000,0.237232792680347,0.111085057295293,0.270894495469363,0.554879545375203,0.00154722224682088,0.00413773213349903,0.453182156613097,0.00197586248707374,0.00728356225755932,0.00298460660879445,0,0,0
2023/09/29 13:10:00.000000,0.240986612573064,0.108350648422201,0.275027766667968,0.552228360512798,0.00196827906590518,0.00617031255063839,0.45056083700676,0.00216765205448996,0.00848903230916035,0.00332940311534142,0,0,0
2023/09/29 13:15:00.000000,0.242823146422403,0.109399045682052,0.28039421027248,0.550363568908771,0.00207655194599658,0.00696837533755603,0.448920113995335,0.00237388199690751,0.0097649129538737,0.00462186156620921,0,0,0
2023/09/29 13:20:00.000000,0.246546855957619,0.11001953809489,0.267672006287469,0.548826715063912,0.00162778649235408,0.00780478261873861,0.440049661368857,0.00241660209268706,0.0094379910138109,0.00510776188270666,0,0,0
2023/09/29 13:25:00.000000,0.248145846775638,0.109233225637719,0.265611740951112,0.545521438564905,0.0023731379490442,0.00833944302954626,0.430199870363395,0.00256722997957207,0.00985592540730691,0.00523465930098576,0,0,0
2023/09/29 13:30:00.000000,0.246298053211112,0.107042719925696,0.259084758918206,0.542115510985392,0.0024710919510708,0.00857621308370873,0.428797238524579,0.00280720381403257,0.00931091426698994,0.00571838737605415,0,0,0
2023/09/29 13:35:00.000000,0.242550328470816,0.102764632738205,0.261258783038793,0.53839810556966,0.00318247910809939,0.0087647794983421,0.428375495439167,0.00304926384566028,0.00899676651669258,0.00566901535218919,0,0,0
2023/09/29 13:40:00.000000,0.239699903245693,0.100954166600145,0.261780886394848,0.533909738410812,0.00323332495718384,0.00878405610235436,0.427953752353755,0.003136226114724,0.00796768623276346,0.00479107188587372,0,0,0
2023/09/29 13:45:00.000000,0.236461771956961,0.0947605483077372,0.261282312054293,0.524408401359285,0.00285965398287097,0.00845705707239016,0.427532009268342,0.00328061272779424,0.00820713232109521,0.00341565520338086,0,0,0
2023/09/29 13:50:00.000000,0.233438854782718,0.092470643819339,0.260898555577869,0.519828753276534,0.00273818560756435,0.00812539726331027,0.42711026618293,0.00331530249558281,0.00740850163070195,0.00323341617197201,0,0,0.000474881938517196
2023/09/29 13:55:00.000000,0.229990063242562,0.0879726811180296,0.258930719496595,0.514279156818024,0.00193436843165201,0.00782906759721599,0.426688523097517,0.00342786249883065,0.00678973383394633,0.00340222693043287,0,0,0.000557661748619957
2023/09/29 14:00:00.000000,0.225790044208616,0.0856933436737121,0.254776500632135,0.510339572703155,0.00127049349957714,0.00748780254317506,0.426266780012105,0.00342242564653863,0.00529052796716225,0.00395394464923392,0,0,0.00140472095105108
2023/09/29 14:05:00.000000,0.222125843341795,0.08604553404462,0.249254056619466,0.504535445212066,0.00111701584263235,0.00748447641667796,0.425845036926692,0.00343503783863112,0.00499329218485278,0.00444480768977635,0,0,0.0012705332802107
2023/09/29 14:10:00.000000,0.221338944536411,0.0820970452992624,0.24742872648967,0.500784224766083,0.00128950004510798,0.00707868471955453,0.414109330967459,0.00344425231052863,0.0056508985232248,0.00478846570495992,0,0,0.00172028907262464
2023/09/29 14:15:00.000000,0.221650327714174,0.0773836005004996,0.225040466147754,0.496104771281672,0.00147937460253762,0.00792249660623476,0.399803705888232,0.00334762018647411,0.00613726163149863,0.00514328254782212,0,0,0.0026628890717667
2023/09/29 14:20:00.000000,0.217157355732972,0.0754607384740794,0.224262608957693,0.490606747061274,0.00139593535910882,0.00845210664340256,0.394466353606816,0.003263617337494,0.00626501379133305,0.00482186405068802,0,0,0.00309502187000851
2023/09/29 14:25:00.000000,0.212318362193923,0.0754106775580728,0.226212417833652,0.484798797913039,0.00043979841864277,0.00870914124410731,0.393497907665531,0.00327998316160249,0.00568240504121261,0.00482427675665765,0,0,0.00324522011953174
2023/09/29 14:30:00.000000,0.206216510801511,0.0717571860532218,0.225776673460085,0.479734088204557,0.00138418060530165,0.00892227272747731,0.392529461724245,0.00332998291610999,0.00600588454014409,0.00466512861211272,0,0,0.00292281080295702
2023/09/29 14:35:00.000000,0.202179879361911,0.0671114903566476,0.221245869819681,0.475841497772482,0.001993622073428,0.00841370553879331,0.38655756705839,0.00341371611594947,0.00692427735658584,0.00424457551866981,0,0,0.00260658712390286
2023/09/29 14:40:00.000000,0.198844499422177,0.0627561660217611,0.212648201742841,0.468740697651682,0.00277481898739697,0.00818155333077371,0.374003792098765,0.00349224433933911,0.008067790040517,0.00413226672863295,0,0,0.00239905588049437
2023/09/29 14:45:00.000000,0.198082079489753,0.0577845872343919,0.210108683200079,0.45940352981389,0.00381510354416919,0.00753817731442949,0.364018665528657,0.00370267383916258,0.00796686404978252,0.00382952436528308,0,0,0.00206778357915076
2023/09/29 14:50:00.000000,0.191561229567525,0.0562964402532803,0.210280780555312,0.456345712159582,0.0047149619067977,0.00715742698633158,0.359304066783609,0.00376400172597272,0.00854055518113171,0.00396471900562698,0,0,0.00161497186674043
2023/09/29 14:55:00.000000,0.182385924413113,0.0556491384611766,0.211741588051975,0.448876491789102,0.00295416388713368,0.00709706328453103,0.348275491674622,0.00383430178052976,0.00805600603193671,0.00508099715049897,0,0,0.00105189816798573
2023/09/29 15:00:00.000000,0.178347923578575,0.051459960953465,0.211308748113026,0.43880810919805,0.00311849280730515,0.00687828081125764,0.339607702769049,0.00386521446125933,0.00650576828209691,0.00564536566376484,0,0,0
2023/09/29 15:05:00.000000,0.178546185297023,0.0468805318581769,0.20890946208901,0.42676092149802,0.00280200609228192,0.00684555414425582,0.324394986431141,0.00388767069320114,0.00554425902468769,0.00502774620583668,0,0,0
2023/09/29 15:10:00.000000,0.178947043755471,0.0411947793516934,0.209702593775456,0.41642789742813,0.001783382173468,0.00820375232543136,0.312929640028817,0.00395987705580726,0.00544061616179741,0.00483734878652614,0,0,0
2023/09/29 15:15:00.000000,0.180858221390894,0.0360396172507072,0.204670693368584,0.40230164294125,0.00152017306475969,0.00809759062333157,0.297853431404655,0.00399829206086091,0.00493214549474913,0.00637044833075789,0,0,0
2023/09/29 15:20:00.000000,0.176178399680647,0.0300320817685697,0.191528184304585,0.382216129941793,0.00148118293058133,0.00762466026823935,0.283299733855606,0.00395371500866874,0.00369624451400967,0.00628707785056724,0,0,0
2023/09/29 15:25:00.000000,0.173210282757458,0.0234344058041729,0.188938919159413,0.359621795979614,0.00152515284495208,0.00589683525234658,0.27319338876033,0.00393874649597854,0.00295491662889658,0.00620871106508454,0,0,0
2023/09/29 15:30:00.000000,0.172778913492059,0.0206256015524246,0.185348788518732,0.335409492055557,0.00187722203058795,0.00594084191985829,0.26533129748537,0.00393420699519652,0.00275611555827615,0.0055068634389475,0,0,0
2023/09/29 15:35:00.000000,0.173716724289061,0.0158883830678791,0.182805445668423,0.310643693373697,0.00172882050963132,0.00543695650329705,0.260418960503828,0.00391682992084611,0.00292554121583709,0.00396173051831774,0,0,0
2023/09/29 15:40:00.000000,0.174443102479824,0.00920628751714981,0.182202210863862,0.285140127237998,0.0021312316212795,0.00490899334519359,0.258714384417597,0.00390280846831667,0.0031517223239276,0.00273917440745595,0,0,0
2023/09/29 15:45:00.000000,0.175193348031224,0.00609152658736436,0.178652214962512,0.263154940150678,0.00232146689113879,0.00476480847144599,0.259306644724312,0.00383568638896683,0.00294297104248793,0.00150533235524837,0,0,0.000702413179259651
2023/09/29 15:50:00.000000,0.17688407734335,0.00279249535169053,0.176800233106783,0.244324160234302,0.00219331636589111,0.00468187679645912,0.261889178325399,0.00379595160080401,0.00312520316428017,0.000713491453445149,0,0,0.000537778804312875
2023/09/29 15:55:00.000000,0.174657138005463,0.000980795509706392,0.172826498471228,0.23221265412368,0.00219062942509914,0.00444102745719045,0.26325349406155,0.00378052220963841,0.00201046105623286,0.00215815572716448,0,0,0.00093114450394964
2023/09/29 16:00:00.000000,0.170020939210391,4.38216634379919e-05,0.164102270931002,0.211800550813279,0.00175927245449979,0.0042749938128688,0.265976359384073,0.00373758031457577,0.00290714897633464,0.00209340617350035,0,0,0.00128207181677405
2023/09/29 16:05:00.000000,0.167234011916342,0,0.151621343848193,0.19136865984252,0.000949299844975627,0.00347972837734843,0.270498997746479,0.00370030894722714,0.0029238867357325,0.00125713675403346,0,0,0.00182248721876494
2023/09/29 16:10:00.000000,0.166750572253498,0,0.14777738259085,0.177128613835716,0,0.00358587128324531,0.276311776872212,0.00368846310285205,0.0031887528081103,0.000778045810139315,0,0,0.00245498866517619
2023/09/29 16:15:00.000000,0.166189367083436,0,0.143812567447666,0.16285968892456,0,0.00369580047837874,0.277641444451751,0.00369121090506212,0.0013463989235379,0.00117247121283608,0,0,0.00162470140412212
2023/09/29 16:20:00.000000,0.164093484234908,0,0.138763012182388,0.146430902765521,0,0.00376690034665234,0.272841504527613,0.00348020931318938,0.000808342571266869,0.00103801335081098,0,0,0.000945024210032495
2023/09/29 16:25:00.000000,0.160948373328469,0,0.133335068797987,0.132821916531537,0,0.00375309333546878,0.263906955856687,0.00322722726363071,0.00146613405681111,0.000899027358652927,0,0,1.74217075211568e-05
2023/09/29 16:30:00.000000,0.161084967322716,0,0.129878977675488,0.11773209926847,0,0.00396567997863468,0.252876275780801,0.00311849448125032,0.00217659919563715,0.000282412248139552,0,0,0
2023/09/29 16:35:00.000000,0.159630511659489,0,0.120042193386372,0.099682793067667,0,0.00456418342391679,0.239734431345466,0.00309049424032166,0.00274466959150788,0.000521042713724532,0,0,0
2023/09/29 16:40:00.000000,0.159709640258371,0,0.110332552587704,0.0849619727763631,0,0.00533736240372963,0.226282970359323,0.00309952367796616,0.00390689886980886,0.000591376715267618,0,0,0
2023/09/29 16:45:00.000000,0.160602226192414,0,0.100987571031244,0.0685194293509466,0.000482757406998636,0.00584811254869669,0.211635674909547,0.00317281576572229,0.00346159226617406,0.00120254584074802,0,0,0
2023/09/29 16:50:00.000000,0.160202053117603,0,0.0970466241127037,0.0541441098523021,0.000763289067702777,0.00561779418695156,0.194561707608084,0.00332632278877072,0.00201377539791024,0.00124915658923125,0,0,0.00159681500088863
2023/09/29 16:55:00.000000,0.158276716108607,0,0.0953821877243473,0.0419466216883276,0.000761969724942342,0.00501840317812654,0.178010634958976,0.00346421180026493,0.00249521750967878,0.00137936343933064,0,0,0.00240976647872781
2023/09/29 17:00:00.000000,0.15574035928858,0,0.0854917720594126,0.0316374029798376,0.00135136398253629,0.00453160443299811,0.162339420839182,0.00350983567979456,0.000550115463943723,0.0016079059972354,0,0,0.00215652008512672
2023/09/29 17:05:00.000000,0.153453311294306,0,0.0777296666007382,0.0244599098586799,0.000941744450522369,0.0043095599257053,0.147779042427903,0.00363698400206726,0.00176430065968486,0.00122265758602315,0,0,0.00150129756971603
2023/09/29 17:10:00.000000,0.152209879382909,0,0.0669213362888784,0.0179856825770343,0,0.00471476336680014,0.134302036301233,0.00385502949422569,0.00283666394646204,0.00111611259974237,0,0,0.00115526408851529
2023/09/29 17:15:00.000000,0.15164275849675,0,0.0604314379970813,0.0110658632077461,0,0.00508806024190071,0.121965384471265,0.00410791204087027,0.00188449448072242,0.00135926486387961,0,0,0
2023/09/29 17:20:00.000000,0.150264872723918,0,0.0507963740227651,0.00617087454085599,0,0.00501037313043999,0.110742175387003,0.00424737210533834,0.0023895874973028,0.00162308888969084,0,0,0
2023/09/29 17:25:00.000000,0.149081247256073,0,0.0401849992586268,0.00632070314164729,0,0.00486657496626653,0.102344384396036,0.00451272495967043,0.00269365151659733,0.00155646545594786,0,0,0
2023/09/29 17:30:00.000000,0.148373340739115,0,0.0338677461231772,0.00985307504899129,6.86700889770719e-05,0.00514033906053741,0.0951670027979407,0.00477293737720591,0.00164425308916562,0.00137913493763217,0,0,0
2023/09/29 17:35:00.000000,0.147247216012572,0,0.0224735211779474,0.0106463722855291,0.00117992863141188,0.00376702408393815,0.0883809276413196,0.00488190519918373,0.00260399984641177,0.00143246851200854,0,0,0
2023/09/29 17:40:00.000000,0.147272370198707,0,0.0171890531112012,0.0104818126594414,0.00159330024557288,0.0036327180901918,0.0804572189579932,0.0048939436353719,0.00317530063102052,0.00130372483717725,0,0,0
2023/09/29 17:45:00.000000,0.147646997498952,0,0.0104880685167052,0.0124068944527305,0.00178463965115699,0.00349841209644545,0.0731313890701931,0.00489837288673923,0.00296028172806963,0.0011702575527655,0,0,0
2023/09/29 17:50:00.000000,0.146558306224075,0,0.00513207478076137,0.0112049157638837,0.00243220156942422,0.00372581477888406,0.0709421444549968,0.00513517727915574,0.00318070458187338,0.00106988847602594,0,0,0
2023/09/29 17:55:00.000000,0.146085672506429,0,0.00191654933190555,0.00822135850699033,0.00280035732894247,0.0041129354011043,0.0705221138799509,0.00529844989534036,0.00304023475008967,0.00129074369578319,0,0,0
2023/09/29 18:00:00.000000,0.14575565638064,0,0.00104877256115418,0.00537299988115779,0.00263989729235199,0.00384679828078279,0.0701020833049051,0.0053867913300032,0.00240509717807943,0.00155003119612342,0,0,0
2023/09/29 18:05:00.000000,0.144610196632447,0.000322978376617728,0,0.00421467535070682,0.00211284780109419,0.00340101812332799,0.0696848910369585,0.00545026555691823,0.00216755304475169,0.00109926261782573,0,0,0
2023/09/29 18:10:00.000000,0.142868225050032,0,0,0.00525801221481036,0.00177927037133608,0.00326614450830811,0.0692832671227381,0.00550709655400306,0.00269186768967301,0.0016008318270144,0,0,0
2023/09/29 18:15:00.000000,0.142280489381423,0.000210406737182181,0,0.00622132133865423,0.00256260399825548,0.00348278739342155,0.0688816432085176,0.00549856353502933,0.0027697420727898,0.00284556688399126,0,0,0
2023/09/29 18:20:00.000000,0.141925825281219,0.000543741272133514,0,0.00471215413308253,0.00317687784220026,0.00407801103173593,0.0684800192942971,0.00549394935884358,0.0041980925866684,0.00240446127826478,0,0,0
2023/09/29 18:25:00.000000,0.141564600617899,0.00035497843766171,0.000456728875280734,0.00345573153306877,0.00366451254658835,0.0051942659652906,0.0680783953800767,0.00545515916759929,0.00544017738230106,0.00205926161036615,0,0,0
2023/09/29 18:30:00.000000,0.141455885487625,0.0012204371413241,0.000542043750673139,0.00281281099204252,0.00515411700794033,0.00600383356811312,0.0676767714658562,0.00530033728377965,0.00511469653260351,0.0020693881791866,0,0,0
2023/09/29 18:35:00.000000,0.143645640024871,0.00329597799066566,0.00159269701591468,0.00201820947874972,0.00609189784460411,0.00517178263425649,0.0672751475516357,0.00523667885785268,0.0063386198061507,0.00213530640998427,0,0,0
2023/09/29 18:40:00.000000,0.143351727508592,0.00421257873120371,0.00339559748448795,0.0027027695658185,0.00664957680272882,0.0044270273724948,0.0668735236374153,0.00521456797465782,0.00702603079634149,0.00201343254668203,0,0,0
2023/09/29 18:45:00.000000,0.141632445540984,0.00309946956030608,0.00326976967421622,0.00468538531084681,0.00596522225429985,0.00429211749591187,0.0664718997231948,0.00524492303808504,0.00799136639338595,0.00223077040219285,0,0,0
2023/09/29 18:50:00.000000,0.142592376904234,0.00313593752929375,0.00278587548804043,0.0165367611238434,0.00459274712499855,0.00423054098980458,0.0660702758089744,0.00538677550009722,0.00810393461847685,0.00242170600307049,0,0,0.000477671801291449
2023/09/29 18:55:00.000000,0.143000004585121,0.00273701247462616,0.00265647191635929,0.0186320867302345,0.00389287350942428,0.00420474995161946,0.0656686518947539,0.00551039392341887,0.00861872406411961,0.00228452599005671,0,0,0.000822155122762581
2023/09/29 19:00:00.000000,0.143103860813865,0.00214856321820355,0.00228195334841578,0.0150417693349405,0.00378365422277517,0.0042161584537731,0.0652670279805334,0.00559527563108977,0.00852173147772094,0.00301151910194043,0,0,0.00189372546297128
2023/09/29 19:05:00.000000,0.142842530830235,0.00143000416702069,0.00169053689966095,0.0112386736475385,0.00420151772860674,0.0042428473934419,0.064865404066313,0.00562046762699747,0.00814654578268425,0.00344667440937346,0,0,0.00322563319234737
2023/09/29 19:10:00.000000,0.143105392341254,0.00134108496670917,0.00222942796033352,0.00926190308996674,0.00457127054504781,0.00425918388124437,0.0644637801520925,0.00564898966842333,0.0075831921761618,0.00380288996123221,0.000165739270164499,0,0.0032963463426511
2023/09/29 19:15:00.000000,0.142972536227866,0.00250555142868863,0.00238265301054516,0.00747776380506777,0.00612989795531949,0.00434349229758967,0.0640621562378721,0.00566130173849109,0.00792119692124744,0.00408081439134009,0.000430612613841705,0,0.00323146911087404
2023/09/29 19:20:00.000000,0.143928036613676,0.00254912819905094,0.00221770378811169,0.0065929319691199,0.00630257303958181,0.00470779657664862,0.0636605323236516,0.00569434474273164,0.00810880080251645,0.00416146743986068,0.000688462441326566,0,0.0032866718982039
2023/09/29 19:25:00.000000,0.146468724045624,0.00232116740554933,0.00198421068157662,0.00556401600632052,0.00624794436246428,0.00519660437442788,0.0632589084094311,0.00570877841825039,0.00795063015707174,0.00402921292000663,0.000786900681602165,0,0.00330157384314134
2023/09/29 19:30:00.000000,0.148928540743122,0.00276622027304953,0.00109400405953213,0.0053901755361225,0.00512695001703838,0.0053875451075083,0.0628572844952107,0.00561949355974407,0.00746156913281066,0.00451955929678836,0.00111519820111144,0,0.00304316462527519
2023/09/29 19:35:00.000000,0.149166314057159,0.0029159049779156,0.000598957775375397,0.00398726942356602,0.00533966741679134,0.00560044505454739,0.0624556605809902,0.00555237970405594,0.00708872364760775,0.00473472964095499,0.00110179673318683,0,0.00322922055739797
2023/09/29 19:40:00.000000,0.150936913527047,0.00224085575468904,6.43446990080957e-06,0.00239764548186593,0.00707167367791189,0.0058238587903767,0.0620540366667698,0.00550121600641652,0.00711183801679143,0.00465430692748021,0.000844238382128319,0,0.00315634377516788
2023/09/29 19:45:00.000000,0.154718406971787,0.00222785061446584,1.47613622084308e-05,0.00100381312044097,0.00682974243314756,0.00590922478296594,0.0616524127525493,0.00529030994657935,0.00712590575194992,0.0048542821367743,0.000765747442851922,0,0.00336558473523956
2023/09/29 19:50:00.000000,0.156151154491304,0.00181839766191749,0.000875233517326054,0.000105693719612012,0.00585451547398977,0.00604952989275489,0,0.00500995364817903,0.0077196432395644,0.00492219983813372,0.000581461839660429,0,0.00343220392273608
2023/09/29 19:55:00.000000,0.163417759471399,0.00136191685956551,0.00201910150287056,0,0.00518873676357256,0.00619075971372609,0,0.00486262351099585,0.00736961799901997,0.00476577312885753,0.000651527726884644,0,0.00339997076190304
2023/09/29 20:00:00.000000,0.170015170741513,0.00113801387367013,0.00246600354218699,0.00187664158425604,0.00464686989385443,0.00634231666152062,0,0.00478949973429519,0.00693362222241264,0.00431572506540134,0.00111028707308955,0,0.00282714616458888
2023/09/29 20:05:00.000000,0.176811032201836,0.0012728171540964,0.0029167441562569,0.00342446984127933,0.00387519479293133,0.00610067548692999,0,0.00475711392604443,0.00674419745022429,0.0036583596862579,0.00137473159433241,0,0.00320525322131837
2023/09/29 20:10:00.000000,0.182584887382217,0.00197565778824989,0.00291820567142839,0.0037754268950848,0.00332694173741058,0.00613948327575518,0,0.0047280746024392,0.00768561856994637,0.00367374844784581,0.000926464004764193,0,0.00333391058686706
2023/09/29 20:15:00.000000,0.184999150157724,0.00300646450168207,0.00285244777041207,0.00350017933797408,0.00268282248959665,0.0062537131155386,0,0.00463837173357582,0.00887203022464841,0.00373283681455753,5.74784819511116e-05,0,0.00314591475308055
2023/09/29 20:20:00.000000,0.187048227519237,0.00350944255846309,0.002943683914856,0.00349125545837336,0.00274866186999781,0.00663580165783446,0.014648847666672,0.00454137416064597,0.0092869271992774,0.00462205703441212,0,0,0.00292158787787946
2023/09/29 20:25:00.000000,0.188682154417938,0.00391278690108704,0.00400678272433628,0.00267867391193575,0.00129052806406846,0.00703274755063967,0.0159230901110481,0.00446921988556517,0.00926625438816692,0.00556570120969434,0.000522397994352262,0,0.00316039337058226
2023/09/29 20:30:00.000000,0.191730929158717,0.00434938307760215,0.00433706469318181,0.000364731455088772,0.00166600620094666,0.00741338758636464,0.0156369554198904,0.00451149979915419,0.00962878677713179,0.00613973787432398,0.00145369851529309,0,0.0021017883859621
2023/09/29 20:35:00.000000,0.193838913352128,0.00411199101175304,0.00514596939151346,0.00248733055071122,0.00285809115060501,0.00795826412310365,0.0153508207287326,0.00468603613802668,0.00974774763219731,0.006547785325361,0.00161563370544599,0,0.00199106188935337
2023/09/29 20:40:00.000000,0.193218054530373,0.00505171761903382,0.00532671908034349,0.0065345216021974,0.00430709098090458,0.00805577666030587,0.0150646860375748,0.0047527563701163,0.0101310181050496,0.00757498717651936,0.00167072127923741,0,0.00164926560281868
2023/09/29 20:45:00.000000,0.192594189886668,0.00496082529499593,0.00455745358888331,0.010450970537859,0.00561780207852209,0.00829780380321185,0.0100373769667836,0.0119609963339061,0.0100956857369693,0.00768444420629118,0.00172945854010669,0,0.00127316882354021
2023/09/29 20:50:00.000000,0.192452286813387,0.00457119196627384,0.0039736528922515,0.0202905511616307,0.00607871452794428,0.00853167651804891,0,0.100140513768554,0.0100491429863279,0.00799028751639927,0.00160383634404755,0,0.000714658698610237
2023/09/29 20:55:00.000000,0.192676030637286,0.00426667777721528,0.00386551543457454,0.0237796088956357,0.00589278875687735,0.00890801947503557,0,0.17951381247096,0.00883106079435588,0.00872887486507599,0.00161533956935744,0,0.00180047825375503
2023/09/29 21:00:00.000000,0.19337742234297,0.00389072327192327,0.00365948850472903,0.021055986794697,0.0057042184135692,0.00860778497967245,0,0.30325288522239,0.00751094506431286,0.00876770335523158,0.00128443686032109,0,0.0023447853106057
2023/09/29 21:05:00.000000,0.194050867855517,0.00355337238754495,0.00363385296268227,0.0167291065678308,0.00534876403147207,0.00840584574289878,0,0.42584069133428,0.00811188280980168,0.00855914631949574,0.0017611780475764,0,0.00288438613590295
2023/09/29 21:10:00.000000,0.193649669652697,0.00258128560229724,0.00398250104638521,0.0132798330472723,0.00523749376730235,0.00775496102448959,0,0.508380038368215,0.0077124409203825,0.00775034150937362,0.00191499745068353,0,0.00288115668626486
2023/09/29 21:15:00.000000,0.192679414610329,0.00249556462475558,0.00462976661348977,0.0119652156913191,0.00578394666891671,0.00720769822451217,0,0.563891108280784,0.00814514700977869,0.00712613094977814,0.00196542402557095,0,0.00325487910484874
2023/09/29 21:20:00.000000,0.191512439122908,0.00155591325673677,0.00371583120914479,0.0112106469805371,0.00630657417201197,0.00716884231793136,0,0.610656860614574,0.00817847180573571,0.00701934903812047,0.00189482874601901,0,0.00347614710530485
2023/09/29 21:25:00.000000,0.190429514013391,0.00122369172786186,0.00333501233125524,0.00952889726208419,0.0064704220917888,0.00726584971766982,0,0.635686792602307,0.00851979303876483,0.00651269975729969,0.00180985775444623,0,0.00357328782401204
2023/09/29 21:30:00.000000,0.188948837638423,0.0013072688138932,0.0039903330749099,0.00776810644364525,0.00651620392259885,0.00734763607167874,0,0.681826430871171,0.0088237111316166,0.00637069243927943,0.00191483604668508,0,0.0039714988026369
2023/09/29 21:35:00.000000,0.187640358646615,0.00198378978860224,0.00427955628488401,0.00594524408406595,0.00662068181429399,0.00820811473604184,0,0.789657256926897,0.00889256161762882,0.00652094828713277,0.0023212908116007,0,0.00450892476054878
2023/09/29 21:40:00.000000,0.186009809306864,0.00118760919626118,0.0052608325783001,0.00381258387252975,0.00655874710194752,0.00846475310570372,0,0.91849876038012,0.00864684125502273,0.00575778976379019,0.00227450887118836,0,0.00490889702295313
2023/09/29 21:45:00.000000,0.182809787121794,0.000308386570269235,0.00485605118413754,0.000765765290042983,0.00617134773271433,0.0075005891003513,0,1.06732463833038,0.00850356780851643,0.00512408046474468,0.00199453683252021,0,0.0052849909612385
2023/09/29 21:50:00.000000,0.18349942063969,0,0.00389632266789596,0,0.00564780912843043,0.00793852858646123,0,1.14362918966981,0.0075507856047016,0.00426000518655486,0.00194805069492358,0,0.00528435605830391
2023/09/29 21:55:00.000000,0.183042549584717,0,0.00260028605499821,0,0.00496103864442457,0.0081043538815122,0,1.27786439220801,0.00728305700577858,0.00514900850862933,0.00225709617286673,0,0.00596609135283131
2023/09/29 22:00:00.000000,0.181265590304325,0,0.00193190011368907,0.00170564706718984,0.0048403822487837,0.00808894338018925,0,1.4713892796435,0.00699634422158999,0.00574269731676027,0.00225278796768992,0,0.0060761270203468
2023/09/29 22:05:00.000000,0.179324860886502,0,0.00226784457425036,0.00257761593143944,0.00429069262978202,0.00721902631292026,0,1.65502663112338,0.0061810847896411,0.00618357480193786,0.00245323593074522,0,0.00542542289067267
2023/09/29 22:10:00.000000,0.177753078380334,0,0.00206649168092164,0.0037462988788931,0.00394392790397691,0.00683029807387573,0,1.74048902401217,0.0065169120946602,0.00634993323343147,0.00238294538781109,0,0.0041953419570849
2023/09/29 22:15:00.000000,0.175862548531296,0,0.0017968267242935,0.00403319177252486,0.0038909355444465,0.00662711927394203,0,1.79321848493391,0.00655082784109537,0.00605130354401948,0.00135340081922804,0,0.00438976430579852
2023/09/29 22:20:00.000000,0.173154570641595,0.000866980177557584,0.001070981523817,0.00406711802606812,0.00307548019801383,0.00559901933546271,0,1.80689720009925,0.00510472551420102,0.00477765566574366,0.00057552201445322,0,0.00426291571790448
2023/09/29 22:25:00.000000,0.170249946450505,0,0.00144324514340746,0.00287295134714387,0.00206385850217545,0.00511977973356735,0,1.81073891511325,0.00541139188076011,0.00353560437655817,0,0,0.00473211656957178
2023/09/29 22:30:00.000000,0.168314468581115,0,0.00082657098807359,0.00103993943981959,0.00131145634338831,0.00418695070748308,0,1.82620885189046,0.00477509879424749,0.00210623273070842,0,0,0.00500456142500778
2023/09/29 22:35:00.000000,0.167375223919891,0,0.000296981258183564,0,0.000600939934533587,0.00408049807098867,0,1.84162163303255,0.00459694680968067,0.00157637035640941,0,0,0.00540415690415145
2023/09/29 22:40:00.000000,0.166911404122607,0,6.55752290384515e-05,0,0.000775064109501812,0.00442178403488087,0,1.87584128474599,0.00430073547914529,0.0026457265346092,0,0,0.00576629561016541
2023/09/29 22:45:00.000000,0.166635316636527,0,0.000986239891599655,0,0.0014557186452573,0.00448468525544188,0,1.91735883586991,0.00406799739499882,0.00311805250700889,0,0,0.00547461743674729
2023/09/29 22:50:00.000000,0.166030931697282,0,0.00190972746989178,0,0.00210842523264768,0.0045124265213781,0,1.97684954636846,0.00432848779210283,0.00321256407219748,0,0,0.00492648376887818
2023/09/29 22:55:00.000000,0.164311501339417,0,0.00234216261282026,0,0.00282728684637975,0.00516521531421759,0,2.00281512833008,0.00536107351716954,0.00352555033266555,0,0,0.0048409877833559
2023/09/29 23:00:00.000000,0.162085767487346,0,0.00216728903314519,0,0.00301771614398911,0.00541339989179488,0,2.03491626336999,0.00608189128665641,0.00349814687461056,0,0,0.00440671541608141
2023/09/29 23:05:00.000000,0.160933129797562,0,0.001250786114889,0,0.00195383801556277,0.00572401682822288,0,2.09513271881421,0.00652374908068006,0.00331864195698002,0,0,0.00558912312489746
2023/09/29 23:10:00.000000,0.159030049880586,0,0.0011602442444315,0,0.000482569830660781,0.00603821507240372,0,2.13179954562351,0.00657363184616978,0.0030034865673511,0.00014088508561058,0,0.00630213812285849
2023/09/29 23:15:00.000000,0.158001991761918,0,0.00196997054617545,0,0.000911834072960646,0.00641360511368942,0,2.17082041935422,0.00683030269680968,0.00292409227364698,0,0,0.00528406842834778
2023/09/29 23:20:00.000000,0.157730945334111,0,0.0018687511515264,0,0.00190660574084052,0.00645067751988962,0,2.21835546147041,0.00715967372588358,0.00302477642215028,0,0,0.00557280202381136
2023/09/29 23:25:00.000000,0.158102716617968,0,0.00203108885632661,0,0.00299955420723623,0.00631639879819743,0,2.24051124123572,0.00815908031617669,0.00420027605331404,0,0,0.00628329919810659
2023/09/29 23:30:00.000000,0.155214855008981,8.21631681986428e-05,0.00229926659920595,0,0.00390768259384962,0.00623793170088439,0,2.25758287435212,0.00962853479690922,0.00423852231915616,0,0,0.00553172142822963
2023/09/29 23:35:00.000000,0.153107262967421,0.000228006404560295,0.00335233295326864,0,0.00498950665005748,0.00662244715457029,0,2.29320601410358,0.00920695312887065,0.00454876426572695,0,0,0.0059895645527985
2023/09/29 23:40:00.000000,0.151905038358153,0.001495725914663,0.00344804672941883,0,0.00570232137084226,0.00726167546358729,0,2.31257361933107,0.00752286570270654,0.00535946524627583,0,0,0.00612457579185253
2023/09/29 23:45:00.000000,0.15050909743501,0.00149950240684414,0.00357647787676155,0,0.00624606323096872,0.00769500949360295,0,2.32809781981891,0.0057144396694922,0.00634873923641938,0,0,0.00647308420302362
2023/09/29 23:50:00.000000,0.147902284200015,0.000931375200940055,0.00360427312677977,0,0.00646045598567089,0.00791238898741645,0,2.3517237056698,0.00435560546259835,0.00618892358504956,0,0,0.00639396920394278
2023/09/29 23:55:00.000000,0.145165902336821,0,0.00282251120362931,0,0.00551702100921797,0.00775721113674013,0,2.37462977007423,0.0047787486976534,0.00464325132067618,0,0,0.00644975839781432
2023/09/30 00:00:00.000000,0.144013263522585,0,0.00202433926872803,0,0.00491571115210341,0.00745493676418867,0,2.38164872876877,0.00470628624683608,0.00446806725511593,0,0,0.00657391883639669
2023/09/30 00:05:00.000000,0.142955846024989,0.000654896149397568,0.00226192955863498,0,0.00443338316367713,0.00733830237899023,0,2.3839165612892,0.00472178297533724,0.00464964688528999,0,0,0.00631138796022983
2023/09/30 00:10:00.000000,0.141945144576775,0.0010004161139785,0.00167676871907271,0,0.00473714657638174,0.00709348527033513,0,2.38089142838027,0.00577147921180084,0.00508443421450409,0,0,0.00596836196370243
